{
  "overall_score": 0.5279589904420607,
  "categories": {
    "semantic_similarity": {
      "name": "semantic_similarity",
      "score": 0.7427162528038025,
      "metrics": {
        "bertscore_f1": {
          "score": 0.7427162528038025,
          "weight": 1.0,
          "details": {
            "precision": 0.7430709600448608,
            "recall": 0.7423619031906128,
            "f1": 0.7427162528038025
          }
        }
      }
    },
    "content_coverage": {
      "name": "content_coverage",
      "score": 0.9233468465474846,
      "metrics": {
        "rouge1": {
          "score": 0.9485094850948509,
          "weight": 0.3,
          "details": {
            "precision": 0.9114583333333334,
            "recall": 0.9887005649717514,
            "fmeasure": 0.9485094850948509
          }
        },
        "rouge2": {
          "score": 0.8937329700272478,
          "weight": 0.4,
          "details": {
            "precision": 0.8586387434554974,
            "recall": 0.9318181818181818,
            "fmeasure": 0.8937329700272478
          }
        },
        "rougeL": {
          "score": 0.9376693766937669,
          "weight": 0.3,
          "details": {
            "precision": 0.9010416666666666,
            "recall": 0.9774011299435028,
            "fmeasure": 0.9376693766937669
          }
        }
      }
    },
    "structure_quality": {
      "name": "structure_quality",
      "score": -0.3872586872586872,
      "metrics": {
        "section_heading_quality": {
          "score": 0.7142857142857143,
          "weight": 0.4,
          "details": {
            "reference_headings": [
              "# 會議記錄優化工具安裝與使用指南",
              "## 環境要求",
              "## 安裝步驟",
              "## 下載模型",
              "## 使用方法",
              "### 1. 優化單個會議記錄",
              "### 2. 批量處理多個會議記錄",
              "# 創建輸出目錄",
              "# 處理目錄中的所有 .txt 文件",
              "### 3. 評估優化效果",
              "# 評估單個優化結果",
              "# 查看評估報告",
              "## 進階選項",
              "### 使用不同的模型",
              "### 調整生成長度",
              "# 增加生成長度限制",
              "## 疑難排解",
              "### 記憶體不足",
              "### 模型下載問題",
              "## 貢獻指南",
              "## 授權"
            ],
            "candidate_headings": [
              "# 會議記錄優化工具安裝與使用指南",
              "## 會議標題：優化工具安裝與使用指南",
              "## 與會人員：[待補充 - 需記錄參與會議的人員]",
              "## 討論事項：",
              "## 決議事項：",
              "## 待辦事項：",
              "## 環境要求",
              "## 安裝步驟",
              "## 下載模型",
              "## 使用方法",
              "### 1. 優化單個會議記錄",
              "### 2. 批量處理多個會議記錄",
              "# 創建輸出目錄",
              "# 處理目錄中的所有 .txt 文件",
              "### 3. 評估優化效果",
              "# 評估單個優化結果",
              "# 查看評估報告",
              "## 進階選項",
              "### 使用不同的模型",
              "### 調整生成長度",
              "# 增加生成長度限制",
              "## 疑難排解",
              "### 記憶體不足",
              "### 模型下載問題",
              "## 貢獻指南",
              "## 授權",
              "## 優化結果"
            ],
            "similarity": 0.7142857142857143
          }
        },
        "paragraph_structure": {
          "score": 0.7567567567567568,
          "weight": 0.3,
          "details": {
            "reference_paragraph_count": 37,
            "candidate_paragraph_count": 46,
            "similarity": 0.7567567567567568
          }
        },
        "list_usage": {
          "score": -3.0,
          "weight": 0.3,
          "details": {
            "reference_list_count": 4,
            "candidate_list_count": 20,
            "similarity": -3.0
          }
        }
      }
    }
  }
}